{
  "Component-preload.js": 1718857467166,
  "manifest.json": 1718857466726,
  "ext/controller/DwNdhandlerfile.js": 1718795638007,
  "ext/controller/Listreportwipro.controller.js": 1718794177253,
  "Component.js": 1718603380293,
  "Component-dbg.js": 1718603380293,
  "Component.js.map": 1718857466916,
  "ext/controller/Listreportwipro-dbg.controller.js": 1718794177253,
  "ext/controller/Listreportwipro.controller.js.map": 1718857466920,
  "ext/controller/DwNdhandlerfile-dbg.js": 1718795638007,
  "ext/controller/DwNdhandlerfile.js.map": 1718857466929,
  "i18n/i18n.properties": 1718603387137,
  "Component-preload.js.map": 1718857467166,
  "index.html": 1718603380297
}